{
    "I34025": {
        "S": {
            "0": {
                "la": 42.50868995387154,
                "l": 5075,
                "lo": 1.5333842890725136,
                "e": 1475229926,
                "s": 1475224851
            }
        },
        "N": "Spain"
    },

    "I748": {
        "S": {
            "0": {
                "la": 42.51082878810434,
                "l": 3271,
                "lo": 1.5316803530093568,
                "e": 1475197979,
                "s": 1475194708
            },
            "1": {
                "la": 42.51113241522656,
                "l": 985,
                "lo": 1.5337665316648401,
                "e": 1475201610,
                "s": 1475200625
            },
            "2": {
                "la": 42.497516500952116,
                "l": 498,
                "lo": 1.5079006827262222,
                "e": 1475204530,
                "s": 1475204032
            },
            "3": {
                "la": 42.510365251965005,
                "l": 520,
                "lo": 1.5324982660779547,
                "e": 1475222185,
                "s": 1475221665
            },
            "4": {
                "la": 42.50798761953997,
                "l": 311,
                "lo": 1.5351700247258708,
                "e": 1475227894,
                "s": 1475227583
            },
            "5": {
                "la": 42.50917986677151,
                "l": 549,
                "lo": 1.5324099117041694,
                "e": 1475231189,
                "s": 1475230640
            },
            "6": {
                "la": 42.50955687294176,
                "l": 302,
                "lo": 1.531404437002693,
                "e": 1475238086,
                "s": 1475237784
            },
            "7": {
                "la": 42.5084465800987,
                "l": 552,
                "lo": 1.5230579277827707,
                "e": 1475238946,
                "s": 1475238394
            },
            "8": {
                "la": 42.51092810882245,
                "l": 882,
                "lo": 1.531622653927289,
                "e": 1475242692,
                "s": 1475241810
            },
            "9": {
                "la": 42.511256249717164,
                "l": 430,
                "lo": 1.5336424497172778,
                "e": 1475246172,
                "s": 1475245742
            },
            "10": {
                "la": 42.51075083333909,
                "l": 459,
                "lo": 1.5314742724464476,
                "e": 1475249483,
                "s": 1475249024
            },
            "11": {
                "la": 42.510590671657674,
                "l": 315,
                "lo": 1.53111570594781,
                "e": 1475250048,
                "s": 1475249733
            },
            "12": {
                "la": 42.51083694039984,
                "l": 375,
                "lo": 1.5314529892750763,
                "e": 1475250443,
                "s": 1475250068
            },
            "13": {
                "la": 42.51097586143122,
                "l": 3166,
                "lo": 1.5316091933282983,
                "e": 1475253904,
                "s": 1475250738
            },
            "14": {
                "la": 42.510533149751986,
                "l": 1673,
                "lo": 1.5309949892974246,
                "e": 1475256816,
                "s": 1475255143
            },
            "15": {
                "la": 42.51130990077048,
                "l": 1214,
                "lo": 1.531713833832331,
                "e": 1475258107,
                "s": 1475256893
            },
            "16": {
                "la": 42.51127926637686,
                "l": 574,
                "lo": 1.5314839465826386,
                "e": 1475259037,
                "s": 1475258463
            },
            "17": {
                "la": 42.51130916267433,
                "l": 813,
                "lo": 1.5325534734877162,
                "e": 1475265868,
                "s": 1475265055
            },
            "18": {
                "la": 42.51061202851647,
                "l": 367,
                "lo": 1.5312145843229295,
                "e": 1475266563,
                "s": 1475266196
            },
            "19": {
                "la": 42.51144702103924,
                "l": 386,
                "lo": 1.5334067445851307,
                "e": 1475269387,
                "s": 1475269001
            },
            "20": {
                "la": 42.51142859879238,
                "l": 524,
                "lo": 1.5337502450503107,
                "e": 1475271969,
                "s": 1475271445
            },
            "21": {
                "la": 42.511135766188154,
                "l": 484,
                "lo": 1.531713094589427,
                "e": 1475276874,
                "s": 1475276390
            },
            "22": {
                "la": 42.51149193855259,
                "l": 385,
                "lo": 1.5333743290171373,
                "e": 1475278768,
                "s": 1475278383
            }
        },
        "N": "Andorra"
    }
}